target,lod_ratio,random,blocked,loso,inflation_random_minus_loso,regime,representation,is_primary_arm
Ag,33.333,-5.4018,-4.6003,-10.94,5.5382,common_floor,ilr,False
As,1.5,0.7078,0.6799,0.3455,0.3623,common_floor,ilr,False
Be,22.0,0.019,-0.1161,-0.713,0.732,common_floor,ilr,False
Bi,2.0,0.6858,0.6425,0.2535,0.4322,common_floor,ilr,False
Ca,7.143,0.886,0.8584,0.683,0.2031,common_floor,ilr,False
Cd,1.0,0.3215,0.2659,-1.1191,1.4405,common_floor,ilr,False
Ce,1.667,0.9413,0.9319,0.7357,0.2056,common_floor,ilr,False
Co,1.0,0.9287,0.9034,0.7954,0.1333,common_floor,ilr,False
Cr,2.0,0.8857,0.8615,0.564,0.3217,common_floor,ilr,False
Cs,50.0,-1.5741,-1.5893,-3.3464,1.7723,common_floor,ilr,False
Cu,2.5,0.7428,0.7016,0.4505,0.2923,common_floor,ilr,False
Fe,1.0,0.9135,0.8723,0.6419,0.2715,common_floor,ilr,False
Hg,1.0,0.4752,0.3929,0.0863,0.3889,common_floor,ilr,False
In,6.667,0.5092,0.4469,-0.4454,0.9546,common_floor,ilr,False
K,2.381,0.9646,0.9598,0.7264,0.2382,common_floor,ilr,False
La,5.0,0.9418,0.9328,0.805,0.1368,common_floor,ilr,False
Li,10.0,0.8551,0.838,0.1995,0.6556,common_floor,ilr,False
Mg,1.667,0.9045,0.8867,0.7986,0.1059,common_floor,ilr,False
Mn,7.8,0.7895,0.7518,0.5798,0.2097,common_floor,ilr,False
Mo,6.0,0.4573,0.3722,0.0071,0.4502,common_floor,ilr,False
Na,1.351,0.8814,0.8499,-0.7212,1.6026,common_floor,ilr,False
Nb,3.333,0.9512,0.9493,-0.0392,0.9904,common_floor,ilr,False
Ni,1.0,0.9107,0.9025,0.7289,0.1817,common_floor,ilr,False
P,2.273,0.7681,0.7262,0.2799,0.4882,common_floor,ilr,False
Pb,5.0,0.7815,0.731,0.508,0.2734,common_floor,ilr,False
Rb,1.0,0.9528,0.9384,0.5677,0.3851,common_floor,ilr,False
S,20.0,0.5376,0.501,-0.1841,0.7217,common_floor,ilr,False
Sb,8.0,0.0293,-0.1219,-2.8109,2.8402,common_floor,ilr,False
Sc,3.0,0.9477,0.9404,0.6861,0.2616,common_floor,ilr,False
Se,20.0,0.1275,-0.0035,-1.3032,1.4307,common_floor,ilr,False
Sn,2.0,0.7211,0.6866,0.3975,0.3236,common_floor,ilr,False
Sr,2.5,0.9227,0.9067,0.773,0.1496,common_floor,ilr,False
Te,5.0,-2.0072,-2.7733,-7.7273,5.7201,common_floor,ilr,False
Th,10.0,0.9114,0.8904,0.5987,0.3127,common_floor,ilr,False
Tl,5.0,0.7488,0.6809,-5.76,6.5088,common_floor,ilr,False
U,5.0,0.8256,0.7941,0.5162,0.3093,common_floor,ilr,False
V,10.0,0.9269,0.9007,0.8179,0.1091,common_floor,ilr,False
W,10.0,0.7142,0.6726,-0.2211,0.9353,common_floor,ilr,False
Zn,1.111,0.8621,0.8287,0.6391,0.223,common_floor,ilr,False
Ag,33.333,-8.7945,-9.7248,-29.031,20.2365,mask_feature,ilr,False
As,1.5,0.722,0.6833,-0.1729,0.8949,mask_feature,ilr,False
Be,22.0,0.2247,0.1329,-0.4703,0.695,mask_feature,ilr,False
Bi,2.0,0.7048,0.6438,0.0991,0.6056,mask_feature,ilr,False
Ca,7.143,0.8859,0.8587,0.5873,0.2986,mask_feature,ilr,False
Cd,1.0,0.3236,0.2335,-0.9841,1.3077,mask_feature,ilr,False
Ce,1.667,0.9319,0.9161,0.317,0.6148,mask_feature,ilr,False
Co,1.0,0.9266,0.9077,0.7456,0.181,mask_feature,ilr,False
Cr,2.0,0.8858,0.8534,0.4995,0.3864,mask_feature,ilr,False
Cs,50.0,-1.5498,-1.864,-3.3527,1.8029,mask_feature,ilr,False
Cu,2.5,0.7379,0.6838,0.0691,0.6689,mask_feature,ilr,False
Fe,1.0,0.915,0.8723,0.3969,0.5181,mask_feature,ilr,False
Hg,1.0,0.4759,0.3769,-0.6749,1.1508,mask_feature,ilr,False
In,6.667,0.5421,0.4805,-0.6904,1.2325,mask_feature,ilr,False
K,2.381,0.9616,0.9583,0.5583,0.4032,mask_feature,ilr,False
La,5.0,0.933,0.9235,0.6097,0.3233,mask_feature,ilr,False
Li,10.0,0.857,0.8437,-0.2441,1.1011,mask_feature,ilr,False
Mg,1.667,0.9048,0.8809,0.5499,0.3549,mask_feature,ilr,False
Mn,7.8,0.787,0.7447,0.4627,0.3243,mask_feature,ilr,False
Mo,6.0,0.4976,0.4016,-0.3768,0.8744,mask_feature,ilr,False
Na,1.351,0.8863,0.846,-0.1511,1.0374,mask_feature,ilr,False
Nb,3.333,0.9526,0.9472,-0.5618,1.5144,mask_feature,ilr,False
Ni,1.0,0.9076,0.8976,0.4709,0.4367,mask_feature,ilr,False
P,2.273,0.771,0.7234,-0.1588,0.9298,mask_feature,ilr,False
Pb,5.0,0.7696,0.7065,-0.8805,1.6501,mask_feature,ilr,False
Rb,1.0,0.9535,0.9406,0.6934,0.2601,mask_feature,ilr,False
S,20.0,0.5251,0.4408,0.0882,0.4369,mask_feature,ilr,False
Sb,8.0,0.0853,-0.0382,-1.2481,1.3334,mask_feature,ilr,False
Sc,3.0,0.9516,0.943,0.6478,0.3037,mask_feature,ilr,False
Se,20.0,0.1239,0.0264,-4.394,4.518,mask_feature,ilr,False
Sn,2.0,0.7152,0.684,0.3348,0.3804,mask_feature,ilr,False
Sr,2.5,0.923,0.9011,0.7028,0.2202,mask_feature,ilr,False
Te,5.0,-3.4262,-4.3492,-5.6734,2.2473,mask_feature,ilr,False
Th,10.0,0.9081,0.8841,0.214,0.6941,mask_feature,ilr,False
Tl,5.0,0.8013,0.7853,-5.0488,5.8501,mask_feature,ilr,False
U,5.0,0.8187,0.8013,0.3172,0.5015,mask_feature,ilr,False
V,10.0,0.9276,0.9115,0.733,0.1946,mask_feature,ilr,False
W,10.0,0.7302,0.6987,-1.4137,2.1439,mask_feature,ilr,False
Zn,1.111,0.8616,0.8316,0.0854,0.7762,mask_feature,ilr,False
Ag,33.333,-8.453,-8.5253,-20.6989,12.2459,substitution,clr,False
As,1.5,0.7282,0.703,0.3124,0.4158,substitution,clr,False
Be,22.0,0.2226,0.1293,-0.8858,1.1085,substitution,clr,False
Bi,2.0,0.712,0.6647,0.3101,0.4019,substitution,clr,False
Ca,7.143,0.8814,0.8582,0.5193,0.3621,substitution,clr,False
Cd,1.0,0.3589,0.2931,-1.6483,2.0071,substitution,clr,False
Ce,1.667,0.9544,0.9446,0.3731,0.5813,substitution,clr,False
Co,1.0,0.9313,0.9122,0.6592,0.2721,substitution,clr,False
Cr,2.0,0.8913,0.8586,0.2134,0.6779,substitution,clr,False
Cs,50.0,-1.4073,-1.7254,-6.4648,5.0575,substitution,clr,False
Cu,2.5,0.7484,0.7109,0.2616,0.4867,substitution,clr,False
Fe,1.0,0.9191,0.8945,0.5122,0.4069,substitution,clr,False
Hg,1.0,0.4726,0.3507,-0.3243,0.797,substitution,clr,False
In,6.667,0.568,0.4799,-1.0564,1.6244,substitution,clr,False
K,2.381,0.968,0.9621,0.5914,0.3765,substitution,clr,False
La,5.0,0.9535,0.9484,0.5219,0.4316,substitution,clr,False
Li,10.0,0.8656,0.847,-0.5183,1.3839,substitution,clr,False
Mg,1.667,0.905,0.887,0.4666,0.4384,substitution,clr,False
Mn,7.8,0.7927,0.7601,0.069,0.7237,substitution,clr,False
Mo,6.0,0.495,0.3945,-0.4822,0.9772,substitution,clr,False
Na,1.351,0.89,0.8525,-0.9434,1.8334,substitution,clr,False
Nb,3.333,0.9557,0.9529,-2.2484,3.2041,substitution,clr,False
Ni,1.0,0.9138,0.9086,0.3402,0.5737,substitution,clr,False
P,2.273,0.7797,0.7357,0.0476,0.7321,substitution,clr,False
Pb,5.0,0.7896,0.7209,0.2562,0.5334,substitution,clr,False
Rb,1.0,0.9586,0.951,0.6635,0.2951,substitution,clr,False
S,20.0,0.554,0.4708,-0.0899,0.6439,substitution,clr,False
Sb,8.0,0.122,-0.0595,-3.0878,3.2098,substitution,clr,False
Sc,3.0,0.9529,0.9436,0.5501,0.4028,substitution,clr,False
Se,20.0,0.1136,0.0334,-6.2911,6.4047,substitution,clr,False
Sn,2.0,0.7297,0.6944,0.1132,0.6165,substitution,clr,False
Sr,2.5,0.9238,0.9041,0.71,0.2138,substitution,clr,False
Te,5.0,-3.2817,-5.0772,-18.1018,14.8201,substitution,clr,False
Th,10.0,0.9163,0.8964,0.3421,0.5742,substitution,clr,False
Tl,5.0,0.7921,0.7787,-6.1517,6.9438,substitution,clr,False
U,5.0,0.8292,0.813,0.1859,0.6433,substitution,clr,False
V,10.0,0.9316,0.9205,0.6757,0.2559,substitution,clr,False
W,10.0,0.7317,0.7048,-1.2851,2.0168,substitution,clr,False
Zn,1.111,0.8693,0.8419,0.0309,0.8384,substitution,clr,False
Ag,33.333,-9.061,-10.1456,-20.0896,11.0286,substitution,ilr,True
As,1.5,0.7232,0.6967,0.1135,0.6097,substitution,ilr,True
Be,22.0,0.2178,0.1346,-0.3761,0.5939,substitution,ilr,True
Bi,2.0,0.6903,0.6354,0.3186,0.3717,substitution,ilr,True
Ca,7.143,0.8867,0.8615,0.5272,0.3594,substitution,ilr,True
Cd,1.0,0.3291,0.2311,-0.7716,1.1007,substitution,ilr,True
Ce,1.667,0.9322,0.9141,0.3672,0.565,substitution,ilr,True
Co,1.0,0.9249,0.91,0.6772,0.2477,substitution,ilr,True
Cr,2.0,0.8847,0.8546,0.5089,0.3758,substitution,ilr,True
Cs,50.0,-1.5788,-1.8021,-5.3779,3.7991,substitution,ilr,True
Cu,2.5,0.7366,0.6678,0.1293,0.6073,substitution,ilr,True
Fe,1.0,0.9074,0.8637,0.667,0.2404,substitution,ilr,True
Hg,1.0,0.4776,0.3844,-0.3625,0.8401,substitution,ilr,True
In,6.667,0.5409,0.4722,-0.783,1.3239,substitution,ilr,True
K,2.381,0.9608,0.9582,0.7018,0.259,substitution,ilr,True
La,5.0,0.9307,0.9217,0.5628,0.3679,substitution,ilr,True
Li,10.0,0.8592,0.8383,-0.2627,1.1219,substitution,ilr,True
Mg,1.667,0.9053,0.8784,0.6052,0.3001,substitution,ilr,True
Mn,7.8,0.7841,0.7378,0.4709,0.3133,substitution,ilr,True
Mo,6.0,0.492,0.3972,-0.2766,0.7687,substitution,ilr,True
Na,1.351,0.8839,0.843,-1.0105,1.8944,substitution,ilr,True
Nb,3.333,0.95,0.9446,-0.4059,1.3559,substitution,ilr,True
Ni,1.0,0.9054,0.8954,0.5909,0.3146,substitution,ilr,True
P,2.273,0.7686,0.7241,-0.2457,1.0143,substitution,ilr,True
Pb,5.0,0.7666,0.6963,0.1183,0.6483,substitution,ilr,True
Rb,1.0,0.9516,0.9407,0.6906,0.2609,substitution,ilr,True
S,20.0,0.525,0.4416,0.0032,0.5218,substitution,ilr,True
Sb,8.0,0.0832,-0.0369,-1.7225,1.8056,substitution,ilr,True
Sc,3.0,0.9507,0.9431,0.6617,0.2889,substitution,ilr,True
Se,20.0,0.1025,0.0394,-3.9844,4.0869,substitution,ilr,True
Sn,2.0,0.7148,0.6763,0.2807,0.4341,substitution,ilr,True
Sr,2.5,0.9231,0.9002,0.702,0.2211,substitution,ilr,True
Te,5.0,-3.4603,-4.8964,-5.1289,1.6686,substitution,ilr,True
Th,10.0,0.9075,0.8836,0.2336,0.6739,substitution,ilr,True
Tl,5.0,0.7879,0.7784,-6.0928,6.8806,substitution,ilr,True
U,5.0,0.8199,0.8008,0.3681,0.4518,substitution,ilr,True
V,10.0,0.9255,0.9101,0.7323,0.1932,substitution,ilr,True
W,10.0,0.7229,0.6857,-1.4242,2.1471,substitution,ilr,True
Zn,1.111,0.857,0.8351,0.0832,0.7738,substitution,ilr,True
Ag,33.333,-5.7995,-8.1972,-131.1291,125.3297,substitution,raw,False
As,1.5,0.7353,0.7051,0.4742,0.2611,substitution,raw,False
Be,22.0,0.2442,0.193,-1.0762,1.3205,substitution,raw,False
Bi,2.0,0.7221,0.6966,0.0261,0.696,substitution,raw,False
Ca,7.143,0.8826,0.8509,0.7036,0.1789,substitution,raw,False
Cd,1.0,0.3709,0.3138,-0.0458,0.4167,substitution,raw,False
Ce,1.667,0.974,0.9676,0.9218,0.0522,substitution,raw,False
Co,1.0,0.9384,0.9233,0.8435,0.0949,substitution,raw,False
Cr,2.0,0.9003,0.879,0.2034,0.6969,substitution,raw,False
Cs,50.0,-1.1822,-1.5854,-2.4226,1.2404,substitution,raw,False
Cu,2.5,0.7517,0.7113,0.5081,0.2437,substitution,raw,False
Fe,1.0,0.9315,0.9095,0.6957,0.2358,substitution,raw,False
Hg,1.0,0.4814,0.3919,0.2199,0.2615,substitution,raw,False
In,6.667,0.6141,0.5653,-0.7858,1.3999,substitution,raw,False
K,2.381,0.9739,0.9702,0.8749,0.099,substitution,raw,False
La,5.0,0.9751,0.9709,0.948,0.0271,substitution,raw,False
Li,10.0,0.8686,0.846,0.2334,0.6351,substitution,raw,False
Mg,1.667,0.9054,0.8864,0.7433,0.1622,substitution,raw,False
Mn,7.8,0.8013,0.7664,0.6145,0.1868,substitution,raw,False
Mo,6.0,0.5062,0.4034,-0.2055,0.7117,substitution,raw,False
Na,1.351,0.8956,0.8593,0.1644,0.7313,substitution,raw,False
Nb,3.333,0.9645,0.9644,0.3715,0.5929,substitution,raw,False
Ni,1.0,0.9231,0.9107,0.7626,0.1605,substitution,raw,False
P,2.273,0.7891,0.7558,-0.3325,1.1216,substitution,raw,False
Pb,5.0,0.8077,0.7645,0.4253,0.3824,substitution,raw,False
Rb,1.0,0.9701,0.9658,0.6859,0.2841,substitution,raw,False
S,20.0,0.5477,0.496,-0.0332,0.5808,substitution,raw,False
Sb,8.0,0.1458,0.0444,-2.4804,2.6262,substitution,raw,False
Sc,3.0,0.9601,0.9556,0.6977,0.2624,substitution,raw,False
Se,20.0,0.136,0.0279,-1.3179,1.4539,substitution,raw,False
Sn,2.0,0.7458,0.7271,0.4554,0.2904,substitution,raw,False
Sr,2.5,0.9264,0.9115,0.7792,0.1472,substitution,raw,False
Te,5.0,-2.9508,-4.1301,-28.3035,25.3527,substitution,raw,False
Th,10.0,0.9266,0.9098,0.505,0.4216,substitution,raw,False
Tl,5.0,0.8284,0.823,-2.029,2.8575,substitution,raw,False
U,5.0,0.8433,0.8275,0.63,0.2132,substitution,raw,False
V,10.0,0.9411,0.9214,0.803,0.1381,substitution,raw,False
W,10.0,0.7422,0.7198,-1.0654,1.8076,substitution,raw,False
Zn,1.111,0.8853,0.8614,0.6961,0.1891,substitution,raw,False
