element,method_a,method_b,lod_a,lod_b,lod_ratio,n_rows,n_censored_a,n_censored_b,n_a_censored_b_measured,n_b_censored_a_measured,n_discordant,discordant_pct,n_both_measured,n_agreement_global,spearman_rho_global,median_log10_ratio_global,n_agreement_near_limit,spearman_rho,median_log10_ratio,comparable,n_below_censoring_lod,n_above_censoring_lod,threshold_consistent_pct,median_value_over_lod,directionality
Ag,AR,ICP-MS,0.002,0.03,15.0,1315,309,1304,1,995,996,75.741,8,8,,,2,,,False,743,253,74.6,0.567,0.999
Ag,AR,MMI-ME,0.002,0.001,2.0,1315,309,133,244,67,311,23.65,937,937,0.343,-0.426,475,0.241,-0.368,False,49,262,15.76,2.5,0.785
Ag,ICP-MS,MMI-ME,0.03,0.001,30.0,1315,1304,133,1172,1,1173,89.202,8,8,,,2,,,False,1080,93,92.07,0.2,0.999
Al,AR,MMI-ME,100.0,1.0,100.0,1315,0,35,0,35,35,2.662,1277,1277,0.049,-2.908,10,,,False,0,35,0.0,2800.0,1.0
Al,AR,XRF,100.0,26.0,3.846,1315,0,0,0,0,0,0.0,1311,1311,0.795,0.591,2,,,False,0,0,,,
Al,MMI-ME,XRF,1.0,26.0,26.0,1315,35,0,35,0,35,2.662,1278,1278,0.08,3.501,0,,,False,0,35,0.0,17366.0,1.0
As,AR,ICP-MS,0.1,0.4,4.0,1315,52,52,38,38,76,5.779,1222,1222,0.795,0.222,798,0.542,0.255,False,13,63,17.11,4.875,0.5
As,AR,MMI-ME,0.1,0.01,10.0,1315,52,938,10,895,905,68.821,366,366,0.16,-2.159,66,0.081,-1.602,False,10,895,1.1,150.0,0.989
As,ICP-MS,MMI-ME,0.4,0.01,40.0,1315,52,938,9,894,903,68.669,367,367,0.147,-2.398,8,,,False,9,894,1.0,280.0,0.99
Au,AR,FA,0.0001,0.001,10.0,1315,239,184,211,155,366,27.833,911,911,0.389,0.222,881,0.349,0.222,False,126,240,34.43,10.0,0.577
Au,AR,MMI-ME,0.0001,0.0001,1.0,1315,239,407,136,303,439,33.384,768,768,0.344,-0.336,435,0.133,-0.204,False,0,439,0.0,4.0,0.69
Au,FA,MMI-ME,0.001,0.0001,10.0,1315,184,407,113,334,447,33.992,791,791,0.4,-0.602,770,0.377,-0.602,False,112,335,25.06,10.0,0.747
Ba,AR,ICP-MS,0.5,0.5,1.0,1315,1,0,1,0,1,0.076,1311,1311,0.565,0.619,0,,,False,0,1,0.0,7.2,1.0
Ba,AR,MMI-ME,0.5,0.01,50.0,1315,1,4,1,4,5,0.38,1308,1308,0.589,-1.798,33,0.029,-1.114,False,1,4,20.0,1770.0,0.8
Ba,ICP-MS,MMI-ME,0.5,0.01,50.0,1315,0,4,0,4,4,0.304,1309,1309,0.296,-2.473,1,,,False,0,4,0.0,35350.0,1.0
Be,AR,ICP-MS,0.1,1.1,11.0,1315,82,567,12,496,508,38.631,734,734,0.398,0.325,721,0.397,0.32,False,491,17,96.65,0.273,0.976
Bi,AR,ICP-MS,0.02,0.02,1.0,1315,50,56,41,47,88,6.692,1215,1215,0.835,0.176,665,0.73,0.176,False,0,88,0.0,3.25,0.534
Bi,AR,MMI-ME,0.02,0.001,20.0,1315,50,1258,2,1209,1211,92.091,54,54,0.261,-1.846,19,0.231,-1.505,False,2,1209,0.17,120.0,0.998
Bi,ICP-MS,MMI-ME,0.02,0.001,20.0,1315,56,1258,3,1204,1207,91.787,53,53,0.32,-2.041,9,,,False,3,1204,0.25,180.0,0.998
Ca,AR,MMI-ME,100.0,10.0,10.0,1315,55,4,53,2,55,4.183,1256,1256,0.688,-0.757,362,0.665,-0.441,False,36,19,65.45,0.6,0.964
Ca,AR,XRF,100.0,14.0,7.143,1315,55,0,55,0,55,4.183,1257,1257,0.879,0.079,219,0.638,0.176,False,0,55,0.0,3.93,1.0
Ca,MMI-ME,XRF,10.0,14.0,1.4,1315,4,0,4,0,4,0.304,1309,1309,0.607,0.902,0,,,False,0,4,0.0,27.5,1.0
Cd,AR,ICP-MS,0.01,0.1,10.0,1315,245,916,46,716,762,57.947,351,351,0.157,0.38,343,0.136,0.38,False,638,124,83.73,0.4,0.94
Cd,AR,MMI-ME,0.01,0.001,10.0,1315,245,130,192,77,269,20.456,991,991,0.46,-0.854,818,0.351,-0.845,False,177,92,65.8,0.4,0.714
Cd,ICP-MS,MMI-ME,0.1,0.001,100.0,1315,916,130,817,31,848,64.487,366,366,0.031,-1.347,146,0.18,-0.86,False,815,33,96.11,0.05,0.963
Ce,AR,ICP-MS,0.01,0.03,3.0,1315,0,0,0,0,0,0.0,1312,1312,0.896,0.154,0,,,False,0,0,,,
Ce,AR,MMI-ME,0.01,0.005,2.0,1315,0,78,0,78,78,5.932,1235,1235,0.122,-2.284,0,,,False,0,78,0.0,5030.0,1.0
Ce,ICP-MS,MMI-ME,0.03,0.005,6.0,1315,0,78,0,78,78,5.932,1235,1235,0.162,-2.458,0,,,False,0,78,0.0,7620.0,1.0
Co,AR,ICP-MS,0.1,0.1,1.0,1315,6,2,5,1,6,0.456,1305,1305,0.96,0.104,51,0.445,0.155,False,0,6,0.0,4.0,0.833
Co,AR,MMI-ME,0.1,0.005,20.0,1315,6,7,3,4,7,0.532,1303,1303,0.587,-1.47,110,0.259,-1.215,False,1,6,14.29,20.0,0.571
Co,ICP-MS,MMI-ME,0.1,0.005,20.0,1315,2,7,1,6,7,0.532,1305,1305,0.606,-1.58,50,0.358,-1.409,False,1,6,14.29,80.0,0.857
Cr,AR,ICP-MS,0.5,0.5,1.0,1315,2,0,2,0,2,0.152,1310,1310,0.798,0.283,1,,,False,0,2,0.0,23.6,1.0
Cr,AR,MMI-ME,0.5,0.001,500.0,1315,2,1,2,1,3,0.228,1310,1310,-0.017,-3.0,21,-0.202,-1.332,False,2,1,66.67,0.076,0.667
Cr,ICP-MS,MMI-ME,0.5,0.001,500.0,1315,0,1,0,1,1,0.076,1312,1312,0.146,-3.307,0,,,False,0,1,0.0,17700.0,1.0
Cs,AR,ICP-MS,0.02,0.1,5.0,1315,7,9,2,4,6,0.456,1301,1301,0.813,0.413,264,0.52,0.348,False,3,3,50.0,1.25,0.667
Cs,AR,MMI-ME,0.02,0.0005,40.0,1315,7,2,7,2,9,0.684,1304,1304,-0.147,-1.782,113,0.174,-0.954,False,7,2,77.78,0.425,0.778
Cs,ICP-MS,MMI-ME,0.1,0.0005,200.0,1315,9,2,9,2,11,0.837,1302,1302,-0.162,-2.255,191,-0.091,-1.401,False,9,2,81.82,0.093,0.818
Cu,AR,ICP-MS,0.01,0.2,20.0,1315,4,16,4,16,20,1.521,1292,1292,0.882,0.093,12,,,False,1,19,5.0,11.45,0.8
Cu,AR,MMI-ME,0.01,0.01,1.0,1315,4,0,4,0,4,0.304,1309,1309,0.616,-1.014,1,,,False,0,4,0.0,3.5,1.0
Cu,ICP-MS,MMI-ME,0.2,0.01,20.0,1315,16,0,16,0,16,1.217,1297,1297,0.64,-1.112,21,0.205,-0.965,False,5,11,31.25,1.175,1.0
Fe,AR,MMI-ME,100.0,1.0,100.0,1315,1,160,1,160,161,12.243,1152,1152,-0.14,-3.47,9,,,False,1,160,0.62,18400.0,0.994
Ga,AR,ICP-MS,0.02,0.1,5.0,1315,2,3,1,2,3,0.228,1308,1308,0.828,0.392,19,0.34,0.319,False,0,3,0.0,7.3,0.667
Ga,AR,MMI-ME,0.02,0.001,20.0,1315,2,16,2,16,18,1.369,1295,1295,0.262,-2.086,12,,,False,2,16,11.11,2935.0,0.889
Ga,ICP-MS,MMI-ME,0.1,0.001,100.0,1315,3,16,3,16,19,1.445,1294,1294,0.31,-2.507,15,-0.186,-1.492,False,3,16,15.79,6000.0,0.842
Ge,AR,ICP-MS,0.1,0.04,2.5,1315,1165,21,1145,2,1147,87.224,146,146,0.133,0.699,139,0.083,0.699,False,0,1147,0.0,5.0,0.998
Hf,AR,ICP-MS,0.1,0.04,2.5,1315,840,0,839,0,839,63.802,473,473,0.005,1.637,0,,,False,1,838,0.12,78.8,1.0
Hg,AR,MMI-ME,0.01,0.001,10.0,1315,473,1228,19,773,792,60.228,67,67,0.289,-1.301,61,0.205,-1.301,False,19,773,2.4,20.0,0.976
K,AR,MMI-ME,100.0,0.1,1000.0,1315,22,0,22,0,22,1.673,1291,1291,0.646,-1.285,417,0.496,-1.069,False,22,0,100.0,0.094,1.0
K,AR,XRF,100.0,42.0,2.381,1315,22,2,21,1,22,1.673,1289,1289,0.535,0.72,36,0.576,0.364,False,0,22,0.0,6.1,0.955
K,MMI-ME,XRF,0.1,42.0,420.0,1315,0,2,0,2,2,0.152,1311,1311,0.365,2.03,13,,,False,2,0,100.0,0.096,1.0
La,AR,ICP-MS,0.5,0.1,5.0,1315,6,0,6,0,6,0.456,1306,1306,0.897,0.168,55,0.451,0.288,False,1,5,16.67,5.43,1.0
La,AR,MMI-ME,0.5,0.001,500.0,1315,6,66,6,66,72,5.475,1241,1241,0.088,-2.542,79,0.267,-1.329,False,6,66,8.33,16650.0,0.917
La,ICP-MS,MMI-ME,0.1,0.001,100.0,1315,0,66,0,66,66,5.019,1247,1247,0.115,-2.717,0,,,False,0,66,0.0,24140.0,1.0
Li,AR,MMI-ME,0.1,0.005,20.0,1315,10,443,5,438,443,33.688,865,865,0.424,-2.626,12,,,False,5,438,1.13,700.0,0.989
Mg,AR,MMI-ME,100.0,1.0,100.0,1315,41,0,41,0,41,3.118,1272,1272,0.644,-1.038,426,0.643,-0.824,False,36,5,87.8,0.13,1.0
Mg,AR,XRF,100.0,60.0,1.667,1315,41,40,17,16,33,2.51,1255,1255,0.948,0.179,272,0.794,0.12,False,5,28,15.15,1.667,0.515
Mg,MMI-ME,XRF,1.0,60.0,60.0,1315,0,40,0,40,40,3.042,1273,1273,0.613,1.223,179,0.332,0.888,False,39,1,97.5,0.267,1.0
Mn,AR,MMI-ME,1.0,0.005,200.0,1315,1,0,1,0,1,0.076,1312,1312,0.363,-1.683,22,0.16,-0.801,False,1,0,100.0,0.102,1.0
Mn,AR,XRF,1.0,39.0,39.0,1315,1,68,0,67,67,5.095,1244,1244,0.94,0.057,662,0.89,0.08,True,64,3,95.52,0.385,1.0
Mn,MMI-ME,XRF,0.005,39.0,7800.0,1315,0,68,0,68,68,5.171,1245,1245,0.321,1.801,288,0.288,1.373,False,68,0,100.0,0.027,1.0
Mo,AR,ICP-MS,0.01,0.3,30.0,1315,72,227,62,217,279,21.217,1023,1023,0.482,0.42,996,0.491,0.416,False,199,80,71.33,0.567,0.778
Mo,AR,MMI-ME,0.01,0.005,2.0,1315,72,502,26,456,482,36.654,785,785,0.257,-1.301,131,0.058,-0.903,False,17,465,3.53,35.0,0.946
Mo,ICP-MS,MMI-ME,0.3,0.005,60.0,1315,227,502,113,388,501,38.099,698,698,0.161,-1.745,57,0.248,-1.284,False,113,388,22.55,100.0,0.774
Na,AR,XRF,10.0,74.0,7.4,1315,38,36,32,30,62,4.715,1244,1244,0.273,1.044,223,0.135,0.559,False,11,51,17.74,10.05,0.516
Nb,AR,ICP-MS,0.1,0.03,3.333,1315,431,2,429,0,429,32.624,881,881,0.493,1.519,0,,,False,0,429,0.0,66.0,1.0
Nb,AR,MMI-ME,0.1,0.0005,200.0,1315,431,918,105,592,697,53.004,290,290,0.185,-2.385,10,,,False,105,592,15.06,400.0,0.849
Nb,ICP-MS,MMI-ME,0.03,0.0005,60.0,1315,2,918,1,916,917,69.734,395,395,0.059,-3.77,0,,,False,1,916,0.11,16800.0,0.999
Ni,AR,ICP-MS,0.1,0.5,5.0,1315,10,4,9,3,12,0.913,1299,1299,0.851,0.181,61,0.341,0.439,False,0,12,0.0,41.5,0.75
Ni,AR,MMI-ME,0.1,0.005,20.0,1315,10,0,10,0,10,0.76,1303,1303,0.59,-1.306,33,0.194,-0.775,False,7,3,70.0,0.54,1.0
Ni,ICP-MS,MMI-ME,0.5,0.005,100.0,1315,4,0,4,0,4,0.304,1309,1309,0.559,-1.55,63,-0.034,-1.498,False,4,0,100.0,0.228,1.0
P,MMI-ME,XRF,0.1,22.0,220.0,1315,90,0,90,0,90,6.844,1223,1223,0.292,2.259,98,0.052,1.632,False,0,90,0.0,3275.0,1.0
Pb,AR,ICP-MS,0.01,0.1,10.0,1315,2,0,2,0,2,0.152,1310,1310,0.806,0.219,3,,,False,0,2,0.0,544.5,1.0
Pb,AR,MMI-ME,0.01,0.01,1.0,1315,2,147,2,147,149,11.331,1164,1164,0.324,-2.12,20,0.57,-0.111,False,0,149,0.0,516.0,0.987
Pb,ICP-MS,MMI-ME,0.1,0.01,10.0,1315,0,147,0,147,147,11.179,1166,1166,0.282,-2.36,5,,,False,0,147,0.0,1145.0,1.0
Pd,FA,MMI-ME,0.001,0.001,1.0,1315,900,1068,180,343,523,39.772,66,66,-0.077,0.301,65,-0.071,0.301,False,0,523,0.0,1.0,0.656
Pt,FA,MMI-ME,0.0005,0.001,2.0,1315,888,1314,0,421,421,32.015,0,0,,,0,,,False,322,99,76.48,0.6,1.0
Rb,AR,ICP-MS,0.1,0.2,2.0,1315,3,3,3,3,6,0.456,1306,1306,0.711,0.585,6,,,False,1,5,16.67,3.5,0.5
Rb,AR,MMI-ME,0.1,0.00025,400.0,1315,3,0,3,0,3,0.228,1310,1310,0.037,-2.004,19,0.18,-0.813,False,3,0,100.0,0.108,1.0
Rb,ICP-MS,MMI-ME,0.2,0.00025,800.0,1315,3,0,3,0,3,0.228,1310,1310,0.012,-2.662,8,,,False,3,0,100.0,0.163,1.0
Sb,AR,ICP-MS,0.02,0.4,20.0,1315,86,923,23,859,882,67.072,367,367,0.347,0.796,344,0.306,0.794,False,831,51,94.22,0.275,0.974
Sb,AR,MMI-ME,0.02,0.001,20.0,1315,86,1241,0,1154,1154,87.757,73,73,0.57,-2.322,7,,,False,0,1154,0.0,120.0,1.0
Sb,ICP-MS,MMI-ME,0.4,0.001,400.0,1315,923,1241,22,339,361,27.452,51,51,0.606,-2.903,0,,,False,22,339,6.09,1100.0,0.939
Sc,AR,ICP-MS,0.1,0.3,3.0,1315,27,5,25,3,28,2.129,1282,1282,0.845,0.301,152,0.35,0.387,False,0,28,0.0,25.0,0.893
Sc,AR,MMI-ME,0.1,0.005,20.0,1315,27,442,19,434,453,34.449,852,852,-0.144,-2.268,78,0.148,-1.209,False,16,437,3.53,760.0,0.958
Sc,ICP-MS,MMI-ME,0.3,0.005,60.0,1315,5,442,3,439,442,33.612,869,869,-0.009,-2.609,43,-0.155,-1.548,False,3,439,0.68,1420.0,0.993
Se,AR,MMI-ME,0.01,0.002,5.0,1315,43,268,34,259,293,22.281,1012,1012,0.247,-0.824,686,0.113,-0.699,False,17,276,5.8,20.0,0.884
Sn,AR,ICP-MS,0.05,0.2,4.0,1315,31,53,24,46,70,5.323,1235,1235,0.66,0.254,963,0.617,0.215,False,7,63,10.0,2.9,0.657
Sn,AR,MMI-ME,0.05,0.001,50.0,1315,31,1258,5,1232,1237,94.068,50,50,0.275,-2.398,1,,,False,5,1232,0.4,670.0,0.996
Sn,ICP-MS,MMI-ME,0.2,0.001,200.0,1315,53,1258,4,1208,1212,92.167,52,52,0.27,-2.778,0,,,False,4,1208,0.33,1300.0,0.997
Sr,AR,ICP-MS,0.5,0.2,2.5,1315,8,0,8,0,8,0.608,1290,1290,0.816,0.455,11,,,False,0,8,0.0,24.9,1.0
Sr,AR,MMI-ME,0.5,0.01,50.0,1315,8,0,8,0,8,0.608,1291,1291,0.809,-0.908,176,0.691,-0.709,False,6,2,75.0,0.27,1.0
Sr,ICP-MS,MMI-ME,0.2,0.01,20.0,1315,0,0,0,0,0,0.0,1313,1313,0.674,-1.398,2,,,False,0,0,,,
Ta,AR,ICP-MS,0.05,0.02,2.5,1315,1313,15,1297,0,1297,98.631,0,0,,,0,,,False,0,1297,0.0,13.6,1.0
Ta,AR,MMI-ME,0.05,0.001,50.0,1315,1313,1265,49,0,49,3.726,0,0,,,0,,,False,48,1,97.96,0.04,1.0
Ta,ICP-MS,MMI-ME,0.02,0.001,20.0,1315,15,1265,0,1249,1249,94.981,49,49,0.181,-2.648,1,,,False,0,1249,0.0,660.0,1.0
Te,AR,MMI-ME,0.02,0.01,2.0,1315,524,1308,0,783,783,59.544,6,6,,,6,,,False,0,783,0.0,4.0,1.0
Th,AR,ICP-MS,0.1,0.02,5.0,1315,4,0,4,0,4,0.304,1308,1308,0.769,0.306,8,,,False,0,4,0.0,37.5,1.0
Th,AR,MMI-ME,0.1,0.0005,200.0,1315,4,46,4,46,50,3.802,1263,1263,-0.043,-2.174,52,0.27,-0.877,False,4,46,8.0,6800.0,0.92
Th,ICP-MS,MMI-ME,0.02,0.0005,40.0,1315,0,46,0,46,46,3.498,1267,1267,0.169,-2.465,0,,,False,0,46,0.0,13040.0,1.0
Ti,MMI-ME,XRF,0.003,30.0,10000.0,1315,18,0,18,0,18,1.369,1295,1295,-0.034,5.202,0,,,False,0,18,0.0,1091666.667,1.0
Tl,AR,MMI-ME,0.02,0.0005,40.0,1315,105,890,19,803,822,62.51,405,405,0.171,-2.087,25,-0.06,-1.579,False,19,803,2.31,160.0,0.977
U,AR,ICP-MS,0.1,0.02,5.0,1315,55,0,55,0,55,4.183,1257,1257,0.795,0.484,204,0.177,0.505,False,0,55,0.0,5.4,1.0
U,AR,MMI-ME,0.1,0.001,100.0,1315,55,1,55,1,56,4.259,1257,1257,0.674,-0.899,855,0.528,-0.86,False,55,1,98.21,0.11,0.982
U,ICP-MS,MMI-ME,0.02,0.001,20.0,1315,0,1,0,1,1,0.076,1312,1312,0.694,-1.411,4,,,False,0,1,0.0,1040.0,1.0
V,AR,ICP-MS,1.0,0.1,10.0,1315,6,1,6,1,7,0.532,1305,1305,0.91,0.196,36,0.782,0.094,False,0,7,0.0,5.7,0.857
V,AR,MMI-ME,1.0,0.001,1000.0,1315,6,0,6,0,6,0.456,1307,1307,0.001,-3.103,13,,,False,6,0,100.0,0.029,1.0
V,ICP-MS,MMI-ME,0.1,0.001,100.0,1315,1,0,1,0,1,0.076,1312,1312,0.02,-3.306,0,,,False,1,0,100.0,0.31,1.0
W,AR,ICP-MS,0.1,0.1,1.0,1315,1198,62,1137,2,1139,86.616,113,113,0.491,1.041,14,,,False,0,1139,0.0,10.0,0.998
W,AR,MMI-ME,0.1,0.001,100.0,1315,1198,1137,127,66,193,14.677,49,49,0.26,-2.0,1,,,False,127,66,65.8,0.02,0.658
W,ICP-MS,MMI-ME,0.1,0.001,100.0,1315,62,1137,5,1079,1084,82.433,172,172,0.285,-3.079,1,,,False,5,1079,0.46,900.0,0.995
Y,AR,ICP-MS,0.01,0.05,5.0,1315,0,0,0,0,0,0.0,1312,1312,0.826,0.424,0,,,False,0,0,,,
Y,AR,MMI-ME,0.01,0.005,2.0,1315,0,28,0,28,28,2.129,1285,1285,0.153,-1.683,3,,,False,0,28,0.0,817.0,1.0
Y,ICP-MS,MMI-ME,0.05,0.005,10.0,1315,0,28,0,28,28,2.129,1285,1285,0.332,-2.146,0,,,False,0,28,0.0,2320.0,1.0
Zn,AR,ICP-MS,0.1,0.9,9.0,1315,50,27,48,25,73,5.551,1237,1237,0.797,0.082,81,-0.034,0.157,False,0,73,0.0,40.0,0.658
Zn,AR,MMI-ME,0.1,0.02,5.0,1315,50,21,48,19,67,5.095,1244,1244,0.239,-2.213,11,,,False,27,40,40.3,1.3,0.716
Zn,ICP-MS,MMI-ME,0.9,0.02,45.0,1315,27,21,27,21,48,3.65,1265,1265,0.342,-2.204,84,-0.036,-1.532,False,26,22,54.17,0.244,0.562
Zr,AR,ICP-MS,0.1,0.2,2.0,1315,8,0,8,0,8,0.608,1304,1304,-0.026,1.938,0,,,False,0,8,0.0,4498.0,1.0
Zr,AR,MMI-ME,0.1,0.005,20.0,1315,8,276,8,276,284,21.597,1029,1029,-0.444,-2.091,172,-0.227,-0.933,False,6,278,2.11,1170.0,0.972
Zr,ICP-MS,MMI-ME,0.2,0.005,40.0,1315,0,276,0,275,275,20.913,1038,1038,0.092,-4.118,0,,,False,0,275,0.0,49360.0,1.0
