disparity,censor_rate,n_reps,auc_mask,auc_mask_mean,auc_mask_lo,auc_mask_hi,r2_within,r2_within_mean,r2_within_lo,r2_within_hi,r2_loso,r2_loso_mean,r2_loso_lo,r2_loso_hi,r2_loso_mask,r2_loso_mask_mean,r2_loso_mask_lo,r2_loso_mask_hi,mask_gain,mask_gain_mean,mask_gain_lo,mask_gain_hi,r2_pooled,r2_pooled_mean,r2_pooled_lo,r2_pooled_hi,r2_pooled_mask,r2_pooled_mask_mean,r2_pooled_mask_lo,r2_pooled_mask_hi,mask_gain_pooled,mask_gain_pooled_mean,mask_gain_pooled_lo,mask_gain_pooled_hi,inflation,inflation_mean,inflation_lo,inflation_hi
0.0,0.04999999999999999,100,0.49919699074074075,0.4985490428240741,0.4959396990740741,0.5006826388888889,0.23723225333728098,0.23260739090495025,0.21662821843898505,0.2663359099161367,0.31154142094402365,0.31977313497776644,0.29916184979477956,0.3395762941750862,0.31154142094402365,0.31977313497776644,0.29882777310256264,0.3390150165713406,0.0,0.0,0.0,0.0,0.32701302250536146,0.3217178306104016,0.30874119572893544,0.3461244456110779,0.32701302250536146,0.3217178306104016,0.3081885504265151,0.3461244456110779,0.0,0.0,0.0,0.0,0.0054187243855338685,0.0019446956326351506,-0.003896990440619086,0.009426495761425735
0.05,0.06626180555555554,100,0.5640329861111111,0.5636085335648148,0.5612588541666667,0.5670964699074075,0.23923283607363421,0.24068386010428142,0.22431974723478498,0.26033262546328023,0.3212364413609061,0.3187528079075647,0.30179034407953254,0.3357559932982847,0.32103715661754595,0.3187355831501239,0.30145712774233846,0.3356535792166966,0.0,-1.722475744088903e-05,-3.6422702358596126e-05,0.0,0.31966649830859833,0.3260182816549596,0.3072773139694657,0.3407667270695566,0.31966649830859833,0.3260182816549596,0.30697920834406733,0.3412052735250475,0.0,0.0,0.0,0.0,0.00957695170704137,0.0072654737473949104,0.0018622660344870257,0.013842272266614941
0.1,0.08271597222222221,100,0.6352402199074074,0.6338808935185186,0.6304215277777778,0.6369953703703702,0.22574399337029244,0.23759499432751757,0.20694524380703744,0.26044134988368633,0.32526068540068964,0.32587830025734876,0.3034892399313279,0.3475603423556679,0.32526068540068964,0.32582164766541816,0.30328711557900817,0.34668412302316015,0.0,-5.665259193056382e-05,-7.451945811504102e-05,0.0,0.32129844845145067,0.327505075160786,0.30389475881480793,0.3398016773942962,0.32395962305839937,0.3278635947794013,0.3093195103600912,0.34276606144714944,0.0,0.0003585196186152606,-0.00044949883981263973,0.000270537637025688,0.0008250005450249898,0.0016267749034372925,-0.004935090434561751,0.00847541619598402
0.15,0.09867750000000002,100,0.6909794560185184,0.6906078275462965,0.6876606481481481,0.693310011574074,0.23575744425978684,0.2387445057936485,0.21228880607752038,0.267431973899912,0.3149776483711857,0.31808503516334397,0.3003259647698726,0.3265597533172333,0.31477940990154774,0.317949884429345,0.30044114054743487,0.3275108171622609,0.0,-0.00013515073399892664,-0.0001360070462647883,9.364895293427414e-06,0.3225241465484523,0.3276425874826973,0.3103590271703873,0.34200621466417924,0.3256640728525088,0.3285582465006417,0.3108428923667925,0.3438975582228158,0.0009920166855737489,0.0009156590179444169,-0.0007035756968024609,0.002262287822258402,0.010523678411644366,0.009557552319353336,0.0038497932743834177,0.017334802728410925
0.2,0.11553930555555554,100,0.7386278356481482,0.7394653067129631,0.7369416666666668,0.7426035879629629,0.249561109980871,0.2448199586950045,0.22377713824736045,0.279276965851033,0.3104702446649035,0.31371711964465393,0.2965772176247625,0.3323393623958225,0.3120758136646222,0.3144049842052759,0.2921477613498693,0.33218919059010676,0.0002695661429616414,0.0006878645606218814,-0.0011322001425667638,0.0015042713253979227,0.32253034397482616,0.3260808602358346,0.3066155282138273,0.3399562753758045,0.3206245662368931,0.3249848178392962,0.3068522647906663,0.34036131461711194,-6.150632517243348e-05,-0.0010960423965383802,-0.0023815841224548717,0.0023458749548578295,0.010509190875739316,0.012363740591180563,0.001587521192953023,0.019885904093155216
0.25,0.13111402777777778,100,0.7757672453703703,0.7774702442129628,0.7736870457175925,0.7794155092592592,0.2287113732209889,0.23846719160044558,0.2126832021151886,0.24424204935657717,0.30223829570918576,0.303376711977252,0.28328412831947425,0.3227159967225566,0.30181673260707725,0.303414899446932,0.2851413274380369,0.3208445311321521,-0.0003720120948590422,3.818746967994002e-05,-0.0022955588254750525,0.0020545236290157587,0.3196667908602669,0.32151331078834305,0.3084358802911825,0.3294325012862578,0.3155213205160462,0.32071177082194624,0.3056933812226149,0.33368967883742423,-0.0011011510878758402,-0.0008015399663968026,-0.004326695258252133,0.0015980784567916073,0.02122554481447919,0.01813659881109098,0.009877385103732816,0.027337412180329073
0.3,0.14673416666666664,100,0.8106508101851851,0.8094846307870371,0.8057507392939816,0.8129233796296296,0.24814521058428785,0.25386141885481694,0.20702771898220307,0.2910877363284928,0.31275386369622493,0.3083953350763723,0.30009866185248485,0.3243616473665911,0.3107116355414738,0.3069319218649571,0.28740158021975676,0.32893586945450326,-0.0021743735373153106,-0.0014634132114152122,-0.0037645547439470544,0.0020818427569258002,0.33019364032209847,0.33004015183555535,0.3066895493336612,0.35007251915224247,0.32605246304530316,0.32722019600694296,0.30665304347235656,0.340560070640186,-0.0022549610274134047,-0.002819955828612507,-0.004124186594013568,0.0005466012375349161,0.023098468023030505,0.021644816759183172,0.014621051007132513,0.027990321589719258
0.35,0.1639084722222222,100,0.8428015625,0.8428398576388889,0.8411340277777777,0.8453645254629629,0.23385899042046804,0.2335977200014775,0.21525559211603262,0.25203307455685753,0.29028615635031224,0.28871189983383005,0.2733226232103728,0.31302202855366157,0.28299463519516216,0.2861081865459768,0.26911581197578327,0.3062295987680361,-0.002371294521681,-0.002603713287853209,-0.006320597477133372,0.0005978948716075516,0.3106552994477372,0.31658335232647333,0.28881885801642937,0.33215155799856944,0.30948735625499463,0.31646867737231144,0.2923043014701576,0.3279071291228682,0.0003863444203157651,-0.00011467495416187635,-0.002430996608285052,0.0018732792093076878,0.03012565709856352,0.027871452492643257,0.02100324430449496,0.0396844080200372
0.4,0.18012125,100,0.8682385995370372,0.8672477928240739,0.8644969907407406,0.8697302083333334,0.23714444038556232,0.2367248146223818,0.21155664198960067,0.2592413426306449,0.28418366489203806,0.28301559539668647,0.2656077183801245,0.2947594946490749,0.2801538892891214,0.28096062467143906,0.2661086357543082,0.2949459754919248,-0.001282652663294026,-0.002054970725247387,-0.004664722654541209,0.0022909897706348617,0.315002398654824,0.3137089240929472,0.29805544149838653,0.33577997155122435,0.3113185234239785,0.31217028887225656,0.2986339116056655,0.3353697030218364,-0.0012665435332565034,-0.001538635220690654,-0.0038620383323766383,0.0012224271040844892,0.02998189448117272,0.030693328696260756,0.017418940655256954,0.03638678532337092
0.45,0.1978052777777778,100,0.890598611111111,0.8899510011574076,0.8877334490740741,0.8930169560185185,0.24681469851915677,0.23988313880211445,0.21955209054649072,0.2588642587007301,0.2747542567673335,0.2752652881899295,0.2600957910581956,0.2910977020080161,0.2705106431698143,0.2719923350340374,0.25114377532900833,0.2908006271914363,-0.0015608153316666318,-0.0032729531558920977,-0.007267514377143569,0.0007198827553320797,0.31495226876591104,0.3173789434149479,0.30210364446373456,0.3328926791849682,0.3163480040394771,0.3166489488775617,0.3042368482365856,0.33268946692930784,-0.0005315967724112691,-0.0007299945373861671,-0.0033604863289481424,0.0016422542998636436,0.04040262353453833,0.04211365522501834,0.028006100610766027,0.04638610301384055
0.5,0.21319722222222226,100,0.9095099537037037,0.9088065069444444,0.9072898148148149,0.9119810763888888,0.2469280929680731,0.24374740942285306,0.21436699559790928,0.26407162421164415,0.2534142167466293,0.26231852542392603,0.23789303110192317,0.27137769139044954,0.2533888518424354,0.2597663367637191,0.23926402330527485,0.2699906771770499,-0.0022343634752308716,-0.0025521886602069333,-0.005022803979392365,0.0001855369374447191,0.31971580907310565,0.3173791422577799,0.30039378759759067,0.33579783415593045,0.32216737651959493,0.3149419465829611,0.29823723523204654,0.3353365065981958,-0.0014149828759601468,-0.0024371956748188393,-0.0048072837280337954,0.0004082408870784704,0.05336382898500114,0.05506061683385392,0.04479145235658433,0.06349803991651332
0.55,0.23000111111111107,100,0.9268129050925926,0.9251297013888887,0.9241307870370369,0.9276013049768518,0.2471423903339885,0.24278765430263455,0.22711964760879677,0.2619224828217687,0.24810907183700992,0.2499761833161296,0.23500277253186946,0.2618582777242106,0.24685957920736512,0.2488347945371233,0.2318586665586443,0.27074006727656447,0.001546473526254366,-0.001141388779006376,-0.002576858596926912,0.00530741013918995,0.3295497735089367,0.32338506952990165,0.31290225058933474,0.34828261127644916,0.32917154639640545,0.31998463769025115,0.3058695323327485,0.34687240116244267,-0.0019951837864064514,-0.0034004318396505108,-0.004639246051425712,-0.0002343587145742232,0.06128510560704481,0.07340888621377198,0.04960072972691584,0.07487342866202577
0.6,0.2430401388888889,100,0.9358976273148149,0.9360813541666664,0.934003125,0.937461400462963,0.2440854530808022,0.24160891084987532,0.2309521149874072,0.2748760907349911,0.24114954670522865,0.24263551086934854,0.2239001163560756,0.26546667916008293,0.24063966573890744,0.2380478872183839,0.223233395771398,0.2625359252889176,-0.004956946600218726,-0.004587623650964574,-0.00788553951940113,-0.0016041599321721112,0.32415561503320206,0.32021108019589883,0.3045753178216489,0.34295914925136783,0.32239515816560044,0.32020092711443554,0.3041089054756209,0.3432250598158968,-0.00023929112566184463,-1.0153081463303292e-05,-0.0029343067855728266,0.002633759088094989,0.06310649385578537,0.07757556932655027,0.040835357333331046,0.07777821475684604
0.65,0.2622319444444444,100,0.950999074074074,0.9505733530092593,0.9482481481481483,0.9536984953703702,0.23880954022665374,0.24093945420669033,0.2276197547283063,0.25219054510233024,0.2485716883012291,0.21369229256293235,0.22488204238674897,0.2614381024301261,0.24288432200466376,0.21334583615993755,0.22993976400602167,0.2657378325786105,0.0003089117763902527,-0.0003464564029947803,-0.004306755196230805,0.0030706517699475855,0.31633958436741116,0.3141224613612926,0.3107119633954687,0.32504734082834463,0.31868831920691365,0.3146620670580416,0.3064780968104027,0.32622442474707447,0.0007041275045026607,0.0005396056967489582,-0.0012835471435690415,0.0035883280716689225,0.0580277773413696,0.10043016879836036,0.044858031561575876,0.07632269426110444
0.7,0.2760531944444444,100,0.962291550925926,0.9603309560185186,0.9609331018518519,0.9632632335069445,0.23573946799371365,0.22899489489028685,0.21816877090679548,0.24933928672373906,0.1975613140167014,0.17432954703150724,0.17972272292088942,0.22517622188919462,0.20493608780772954,0.1679787133882732,0.17684991971436523,0.22253932364485096,-0.0035894475868171183,-0.006350833643233961,-0.010449216151038498,0.0009796149709901392,0.31238349726806797,0.3183282897491502,0.304089091513952,0.3307263619748634,0.3136741461236323,0.3162775655641943,0.2986975883881831,0.3318416398620718,-0.0027281274606199,-0.0020507241849558166,-0.005766681139703911,0.0010281956906660339,0.09152627636106286,0.1439987427176429,0.07016715325878986,0.11162476876867838
0.75,0.29098222222222225,100,0.9713918402777777,0.9696766967592594,0.9698062499999999,0.9732718171296296,0.22899435621094238,0.23650991743484692,0.19981744082575126,0.2668872978947856,0.20689453496009108,-0.004875042274389727,0.13246305486658838,0.22908731951236294,0.18685808932692533,-0.01174408129302793,0.12065626763590354,0.22219122161016797,-0.004616963822455744,-0.006869039018638198,-0.01400493341953113,0.000777686056559368,0.32491051972494733,0.3228178038685647,0.3177832796942056,0.337527826251815,0.3250316213636141,0.3230791263751827,0.314899600431514,0.3392403260746686,-0.0005952471109587631,0.0002613225066180502,-0.0030366292441698084,0.0011690322055499247,0.10591853002444357,0.32769284614295435,0.07550384646122309,0.15428016439982195
0.8,0.3100981944444445,100,0.9778271990740741,0.9779764537037038,0.9767741970486111,0.9796940277777778,0.2410053844479595,0.24467657538910143,0.220319860803924,0.2633540538961072,0.12862938270624186,-0.12650128447871675,0.05569955104131663,0.1876006177712065,0.14614591487392858,-0.12583808121398543,0.011662391512935466,0.18439903680976122,0.00041889855225790695,0.0006632032647312802,-0.004801913104266309,0.007355347897980813,0.32292353256205875,0.31813547671812176,0.3042553818373015,0.3441557236455665,0.325147256398653,0.3184976499646259,0.30246056051666537,0.34256211071636206,0.0017014256177751985,0.00036217324650412275,-0.002419163005226599,0.002924563261137255,0.16168697672850735,0.44463676119683837,0.1152583107097066,0.25572567870668844
0.85,0.32655833333333334,100,0.984285300925926,0.9828900729166667,0.9818186342592593,0.9854273726851852,0.25775090379007065,0.25700513507938294,0.23960555608622508,0.2832650339754857,0.04078619181094839,-1.0638191804229016,-0.09640717838005464,0.11859847972425308,0.04814111073964367,-1.055693765589809,-0.06950417341776594,0.139015462776222,0.0005635386502906847,0.008125414833092676,-0.00859389401607519,0.0099390155186721,0.33306493838523865,0.3340303857080795,0.31611748246096616,0.35601964741867576,0.3404804253635803,0.33442986568951655,0.31406755403927566,0.35546258512485124,-0.000723798509990381,0.0003994799814370409,-0.0025444471782364864,0.003484953163154836,0.2619369286773167,1.3978495661309813,0.14173301615686074,0.3762147956122434
0.9,0.34358694444444454,100,0.988858912037037,0.9883360879629629,0.9880832754629629,0.9899218171296296,0.2333693227077795,0.2341616232045521,0.20880726976290737,0.25509778906520875,-0.07615846460965969,-1.7712285643106693,-0.227859610182511,0.08795666155136068,-0.06639789128686391,-1.7689364533010796,-0.18354842550355377,0.10941958231027354,0.015367535259283083,0.0022921110095899255,0.00810124489742752,0.032512137257009965,0.33520426899419686,0.3228599081540139,0.3064467907991339,0.3483058107781875,0.33615230842948773,0.3248649561446663,0.31274844648572875,0.3519606255451253,0.0029419472944280933,0.00200504799065239,-0.001219985663601153,0.00510019905411796,0.38706733523336223,2.0940884724646835,0.21373391867898395,0.5274078331898899
0.95,0.35874541666666654,100,0.9926770833333334,0.9920886435185186,0.9918097222222222,0.9931081582754631,0.22409691191425224,0.22468756832180248,0.18627183314015916,0.23918401766537478,-1.2501560265226002,-20.01043307984314,-2.0620833321275303,-0.6131712043946641,-1.1083100935566372,-19.58628703712494,-1.659757265541206,-0.6016780554138058,0.05860816837641014,0.42414604271819556,0.012306808731597896,0.11366817682315888,0.3230505808419191,0.33863216086092807,0.2989795868915902,0.33960510516508285,0.32575057758249326,0.3405258282739372,0.3021454599272729,0.34547104021401986,0.002334736880421129,0.0018936674130092413,-0.0011870788124034304,0.0047077296721586,1.5432659834991802,20.349065240704064,0.8854724279906859,2.400433736631366
